component;value;pp;share
delta_total;0.02740761981686668;2.740761981686668;
composition;-0.059981693481154584;-5.998169348115458;-2.1885042875646494
coefficient;0.0875381473321732;8.75381473321732;3.193934676454543
